iterations,latitude,longitude,scores,road_damage,status,fps
0,0.0,0.0,17,D20,undetected,1.8596232518525053
1,0.0,0.0,9,D20,undetected,3.5599283312920824
2,0.0,0.0,8,D20,undetected,3.988345821764102
3,0.0,0.0,3,D20,undetected,3.9667363049228794
4,-6.8967013,107.61076,3,D20,undetected,4.004789358000691
5,-6.8967013,107.61076,12,D40,undetected,3.849871404890102
6,-6.8967013,107.61076,3,D40,undetected,3.7204754128461524
7,-6.8967013,107.61076,17,D40,undetected,3.552411636565675
8,-6.8967013,107.61076,14,D20,undetected,3.879200428401384
9,-6.8967013,107.61076,14,D40,undetected,4.051399002968299
10,-6.8967013,107.61076,12,D20,undetected,4.064011782260721
11,-6.8967013,107.61076,5,D40,undetected,4.068541319279744
12,-6.8967013,107.61076,18,D40,undetected,4.078863991317726
13,-6.8967009,107.61076,19,D40,undetected,3.954816153036709
14,-6.8967009,107.61076,14,D40,undetected,4.110354127303944
15,-6.8967009,107.61076,16,D40,undetected,4.3668104812513535
16,-6.8967009,107.61076,6,D40,undetected,4.3639935241947905
17,-6.8967009,107.61076,4,D40,undetected,3.936284488090177
18,-6.8967009,107.61076,10,D40,undetected,3.8724313764230893
19,-6.8967009,107.61076,3,D40,undetected,4.0933217523690555
20,-6.8967009,107.61076,9,D40,undetected,4.013580497364664
21,-6.8967009,107.61076,22,D40,undetected,3.3509904039512297
22,-6.8967009,107.61076,18,D40,undetected,3.7379789996773845
23,-6.8967013,107.61076,14,D40,undetected,3.8435071063989663
24,-6.8967013,107.61076,11,D40,undetected,4.177718457722841
25,-6.8967013,107.61076,8,D40,undetected,3.9510571655998454
26,-6.8967013,107.61076,6,D40,undetected,3.8144392525914297
27,-6.8967013,107.61076,25,D40,undetected,3.616418418772283
28,-6.8967013,107.61076,11,D40,undetected,4.0218703314110815
29,-6.8967013,107.61076,6,D40,undetected,3.5665759356056066
30,-6.8967013,107.61076,11,D40,undetected,3.7335436452019786
31,-6.8967013,107.61076,2,D20,undetected,4.104754672074033
32,-6.8967013,107.61076,8,D40,undetected,4.069729577628783
33,-6.8967013,107.61076,14,D40,undetected,4.063980280369123
34,-6.8967013,107.61076,7,D40,undetected,4.109379561972281
35,-6.8967013,107.61076,7,D40,undetected,4.067775832723147
36,-6.8967013,107.61076,10,D40,undetected,4.097092291206542
37,-6.8967013,107.61076,14,D40,undetected,4.3646065843133215
38,-6.8967013,107.61076,22,D40,undetected,3.7115106895087076
39,-6.8967013,107.61076,7,D40,undetected,4.043443136574409
40,-6.8967013,107.61076,2,D40,undetected,3.9925257415479103
41,-6.8967013,107.61076,13,D40,undetected,4.039031511599577
42,-6.896699,107.61076,4,D40,undetected,4.190607883846448
43,-6.896699,107.61076,16,D40,undetected,4.163399088565578
44,-6.896699,107.61076,19,D40,undetected,4.055425938728251
45,-6.896699,107.61076,23,D40,undetected,3.690262162069424
46,-6.896699,107.61076,9,D40,undetected,4.073417197820287
47,-6.896699,107.61076,20,D40,undetected,4.17193408941257
48,-6.896699,107.61076,14,D40,undetected,4.067574644379706
49,-6.896699,107.61076,49,D40,detected,3.925321354203224
50,-6.896699,107.61076,27,D40,undetected,3.6940192754997883
51,-6.896699,107.61076,33,D40,undetected,3.7048391726988865
52,-6.8966994,107.61076,22,D40,undetected,3.552285273397734
53,-6.8966994,107.61076,11,D20,undetected,3.6061143022708966
54,-6.8966994,107.61076,10,D40,undetected,3.8944399153944578
55,-6.8966994,107.61076,2,D20,undetected,3.9891993171107507
56,-6.8966994,107.61076,5,D40,undetected,4.160797100946081
57,-6.8966994,107.61076,17,D40,undetected,4.048915540762307
58,-6.8966994,107.61076,8,D40,undetected,4.09504422307684
59,-6.8966994,107.61076,5,D40,undetected,4.022595488958325
60,-6.8966994,107.61076,9,D40,undetected,4.0711872270662885
61,-6.8966994,107.61076,28,D40,undetected,3.7747380869026803
62,-6.8967004,107.61077,27,D20,undetected,3.7351561901674732
63,-6.8967004,107.61077,36,D20,undetected,3.686123900680486
64,-6.8967004,107.61077,20,D20,undetected,3.804909556035343
65,-6.8967004,107.61077,0,nolabel,undetected,3.939593520524039
66,-6.8967004,107.61077,0,nolabel,undetected,3.7400188681600692
67,-6.8967004,107.61077,14,D40,undetected,3.803384531122198
68,-6.8967004,107.61077,6,D20,undetected,3.747008595875909
69,-6.8967004,107.61077,23,D40,undetected,3.6586645359441663
70,-6.8967004,107.61077,7,D20,undetected,3.993772679966216
71,-6.8967028,107.61077,3,D20,undetected,4.285048471480543
72,-6.8967028,107.61077,0,nolabel,undetected,4.23932135345231
73,-6.8967028,107.61077,0,nolabel,undetected,3.9087830344645056
74,-6.8967028,107.61077,2,D20,undetected,3.8057346831188794
75,-6.8967028,107.61077,2,D40,undetected,3.9865073066413212
76,-6.8967028,107.61077,8,D20,undetected,3.9860602541428167
77,-6.8967028,107.61077,13,D20,undetected,4.108667052622196
78,-6.8967028,107.61077,6,D00,undetected,4.153787952313138
79,-6.8967028,107.61077,4,D00,undetected,4.052416732929925
80,-6.8967028,107.61077,2,D00,undetected,3.941626061337932
81,-6.8967047,107.61077,4,D40,undetected,4.119396887006671
82,-6.8967047,107.61077,8,D00,undetected,3.9657836488049143
83,-6.8967047,107.61077,4,D40,undetected,3.573796444696654
84,-6.8967047,107.61077,5,D40,undetected,3.74485744412808
85,-6.8967047,107.61077,27,D40,undetected,3.605435440391704
86,-6.8967047,107.61077,35,D20,undetected,3.6892981166064436
87,-6.8967047,107.61077,43,D20,detected,3.704547943656797
88,-6.8967047,107.61077,2,D40,undetected,3.940492911102948
89,-6.8967047,107.61077,24,D20,undetected,3.8843485250917764
90,-6.8967047,107.61077,9,D20,undetected,3.9952144724108236
91,-6.8967075,107.61077,58,D40,detected,3.817720256207442
92,-6.8967075,107.61077,38,D40,undetected,3.7911767975826445
93,-6.8967075,107.61077,15,D40,undetected,4.123487230306712
94,-6.8967075,107.61077,9,D40,undetected,4.171975586660195
95,-6.8967075,107.61077,27,D40,undetected,3.7155613510410612
96,-6.8967075,107.61077,4,D40,undetected,3.8451808084928882
97,-6.8967075,107.61077,15,D20,undetected,3.93441983239123
98,-6.8967075,107.61077,14,D40,undetected,3.8501364523848647
99,-6.8967075,107.61077,10,D40,undetected,4.165007338381822
100,-6.8967071,107.61076,21,D40,undetected,3.616836299573755
101,-6.8967071,107.61076,2,D40,undetected,3.37196312172596
102,-6.8967071,107.61076,14,D20,undetected,3.9888578751408694
103,-6.8967071,107.61076,3,D40,undetected,3.8390709279645154
104,-6.8967071,107.61076,8,D20,undetected,4.116421308836808
105,-6.8967071,107.61076,20,D20,undetected,4.1505694497084225
106,-6.8967071,107.61076,7,D40,undetected,4.143324534922316
107,-6.8967071,107.61076,30,D40,undetected,3.850387397642566
108,-6.8967071,107.61076,34,D40,undetected,3.784400449692055
109,-6.8967071,107.61076,21,D00,undetected,3.794857318639958
110,-6.8967066,107.61076,2,D40,undetected,3.888933291176915
111,-6.8967066,107.61076,2,D40,undetected,3.979842241151091
112,-6.8967066,107.61076,0,nolabel,undetected,4.027234189642674
113,-6.8967066,107.61076,10,D20,undetected,4.042780583722096
114,-6.8967066,107.61076,25,D20,undetected,3.753053720971643
115,-6.8967066,107.61076,38,D20,undetected,3.7154428621541276
116,-6.8967066,107.61076,17,D20,undetected,4.027160721418257
117,-6.8967066,107.61076,11,D20,undetected,4.008448286737146
118,-6.8967066,107.61076,33,D20,undetected,3.99240033048663
119,-6.8967066,107.61076,25,D20,undetected,3.764935675790184
120,-6.8967085,107.61077,13,D40,undetected,3.930530058316442
121,-6.8967085,107.61077,37,D40,undetected,3.7927674977777657
122,-6.8967085,107.61077,41,D40,detected,3.6378100132266527
123,-6.8967085,107.61077,11,D40,undetected,4.018040595171037
124,-6.8967085,107.61077,6,D40,undetected,4.163824802446094
125,-6.8967085,107.61077,5,D20,undetected,4.0711556138370435
126,-6.8967085,107.61077,2,D40,undetected,3.7219544790218198
127,-6.8967085,107.61077,0,nolabel,undetected,3.744345947490113
128,-6.8967085,107.61077,0,nolabel,undetected,3.7822743762720514
129,-6.8967075,107.61077,3,D20,undetected,4.000343352224064
130,-6.8967075,107.61077,0,nolabel,undetected,4.098369369791911
131,-6.8967075,107.61077,6,D20,undetected,4.001087484295868
132,-6.8967075,107.61077,0,nolabel,undetected,3.992100136010911
133,-6.8967075,107.61077,4,D00,undetected,3.902988817640156
134,-6.8967075,107.61077,22,D20,undetected,3.796853203509798
135,-6.8967075,107.61077,7,D20,undetected,3.962273276904474
136,-6.8967075,107.61077,42,D20,detected,3.499312535874948
137,-6.8967075,107.61077,36,D20,undetected,3.4533896176928516
138,-6.8967075,107.61077,41,D20,detected,3.5173510915660975
139,-6.8967071,107.61077,0,nolabel,undetected,3.7191327263505487
140,-6.8967071,107.61077,27,D20,undetected,3.7223541606761876
141,-6.8967071,107.61077,0,nolabel,undetected,3.8397808718801754
142,-6.8967071,107.61077,21,D20,undetected,3.535248781211439
143,-6.8967071,107.61077,64,D20,detected,3.661628582029289
144,-6.8967071,107.61077,58,D20,detected,3.7148176293139334
145,-6.8967071,107.61077,14,D20,undetected,3.9597258791908545
146,-6.8967071,107.61077,34,D20,undetected,3.694953239412797
147,-6.8967071,107.61077,4,D20,undetected,3.8048370724290863
148,-6.8967071,107.61077,35,D40,undetected,3.5389146933626954
149,-6.8967099,107.61078,50,D40,detected,3.5904573007093936
150,-6.8967099,107.61078,44,D40,detected,3.756488967344917
151,-6.8967099,107.61078,57,D20,detected,3.832304515468816
152,-6.8967099,107.61078,27,D40,undetected,3.7463392326009712
153,-6.8967099,107.61078,3,D40,undetected,4.0897575283039656
154,-6.8967099,107.61078,39,D40,undetected,3.8718701420505948
155,-6.8967099,107.61078,42,D20,detected,3.9531313618747457
156,-6.8967099,107.61078,30,D20,undetected,3.6826673433245736
157,-6.8967099,107.61078,8,D20,undetected,3.913217581146264
158,-6.8967071,107.61078,0,nolabel,undetected,4.068655772435642
159,-6.8967071,107.61078,7,D20,undetected,4.0599363466705904
160,-6.8967071,107.61078,2,D40,undetected,3.990436585293919
161,-6.8967071,107.61078,14,D20,undetected,4.030295168416461
162,-6.8967071,107.61078,30,D40,undetected,3.774856990629241
163,-6.8967071,107.61078,56,D40,detected,3.7206734338865446
164,-6.8967071,107.61078,44,D40,detected,3.525842959206919
165,-6.8967071,107.61078,79,D40,detected,3.5341585284675467
166,-6.8967071,107.61078,74,D40,detected,3.662172085165087
167,-6.8967071,107.61078,49,D00,detected,3.695422026431718
168,-6.8967099,107.61078,57,D00,detected,3.7146366801313224
169,-6.8967099,107.61078,46,D40,detected,3.704983168016847
170,-6.8967099,107.61078,26,D40,undetected,3.648172566756545
171,-6.8967099,107.61078,53,D40,detected,3.74287575516906
172,-6.8967099,107.61078,43,D40,detected,3.6592231214034205
173,-6.8967099,107.61078,26,D40,undetected,3.7357616696237077
174,-6.8967099,107.61078,46,D40,detected,3.6992059719237034
175,-6.8967099,107.61078,27,D20,undetected,3.7025465742009294
176,-6.8967099,107.61078,16,D40,undetected,4.078356329550869
177,-6.8967099,107.61078,45,D20,detected,3.8134785877877517
178,-6.896708,107.61078,25,D40,undetected,3.726219973188086
179,-6.896708,107.61078,27,D20,undetected,3.67656626236719
180,-6.896708,107.61078,14,D20,undetected,3.6504554905607662
181,-6.896708,107.61078,6,D20,undetected,3.87602784919149
182,-6.896708,107.61078,24,D20,undetected,3.445180505667215
183,-6.896708,107.61078,24,D20,undetected,3.478940003832031
184,-6.896708,107.61078,8,D00,undetected,3.9195512934329377
185,-6.896708,107.61078,17,D00,undetected,4.07686976637944
186,-6.896708,107.61078,41,D20,detected,3.7871203899169132
187,-6.8967009,107.61078,23,D20,undetected,3.7547335845259613
188,-6.8967009,107.61078,53,D20,detected,3.5315785618238262
189,-6.8967009,107.61078,39,D20,undetected,3.694090851842816
190,-6.8967009,107.61078,30,D20,undetected,3.7222352381560917
191,-6.8967009,107.61078,41,D20,detected,3.6816911026980432
192,-6.8967009,107.61078,5,D20,undetected,3.921027956567059
193,-6.8967009,107.61078,51,D40,detected,3.7033050087234147
194,-6.8967009,107.61078,28,D40,undetected,3.7490281746666656
195,-6.8967009,107.61078,44,D40,detected,3.7874213268558736
196,-6.8967009,107.61078,44,D20,detected,3.705510155401048
197,-6.8966875,107.61078,9,D10,undetected,4.046833346037063
198,-6.8966875,107.61078,14,D40,undetected,4.123515607564933
199,-6.8966875,107.61078,46,D20,detected,3.78589661658886
200,-6.8966875,107.61078,55,D20,detected,3.720587622181043
201,-6.8966875,107.61078,70,D20,detected,3.7748366066012555
202,-6.8966875,107.61078,47,D20,detected,3.7521707158665776
203,-6.8966875,107.61078,13,D20,undetected,4.078812426153465
204,-6.8966875,107.61078,14,D40,undetected,4.071025214455848
205,-6.8966875,107.61078,24,D20,undetected,3.758680452872933
206,-6.8966875,107.61078,8,D40,undetected,3.989924126542012
207,-6.8966837,107.6108,13,D20,undetected,4.153718021214711
208,-6.8966837,107.6108,8,D20,undetected,4.097260387716925
209,-6.8966837,107.6108,8,D40,undetected,3.970668034936317
210,-6.8966837,107.6108,40,D20,undetected,3.58050516122203
211,-6.8966837,107.6108,6,D00,undetected,3.68739746982338
212,-6.8966837,107.6108,23,D20,undetected,3.579246313489896
213,-6.8966837,107.6108,48,D20,detected,3.4088337172124685
214,-6.8966837,107.6108,11,D00,undetected,3.6861174216624994
215,-6.8966837,107.6108,5,D20,undetected,3.986226939960977
216,-6.8966837,107.6108,13,D20,undetected,3.881436897444582
217,-6.8966837,107.61081,9,D00,undetected,4.107142227644919
218,-6.8966837,107.61081,9,D20,undetected,4.057980212733433
219,-6.8966837,107.61081,70,D20,detected,3.776515628995487
220,-6.8966837,107.61081,48,D20,detected,3.5626769954726534
221,-6.8966837,107.61081,68,D20,detected,3.4705918858246445
222,-6.8966837,107.61081,24,D20,undetected,3.7223971067870694
223,-6.8966837,107.61081,2,D20,undetected,4.00248109122209
224,-6.8966837,107.61081,33,D20,undetected,3.7981150254638183
225,-6.8966837,107.61081,4,D00,undetected,4.005787628418974
226,-6.896699,107.61082,7,D00,undetected,4.0611510408244875
227,-6.896699,107.61082,9,D00,undetected,4.146273566999874
228,-6.896699,107.61082,7,D20,undetected,4.128475458809286
229,-6.896699,107.61082,10,D00,undetected,3.994377421308659
230,-6.896699,107.61082,26,D00,undetected,3.738068946955174
231,-6.896699,107.61082,3,D40,undetected,3.988197919707439
232,-6.896699,107.61082,2,D40,undetected,4.100693371710591
233,-6.896699,107.61082,30,D40,undetected,3.6885875773786543
234,-6.896699,107.61082,9,D40,undetected,3.519251697198479
235,-6.896699,107.61082,2,D20,undetected,4.050596922387535
236,-6.8967085,107.61083,3,D00,undetected,4.255247656942734
237,-6.8967085,107.61083,2,D00,undetected,3.567203834678805
238,-6.8967085,107.61083,2,D00,undetected,3.6895252873381224
239,-6.8967085,107.61083,7,D40,undetected,3.904260399203566
240,-6.8967085,107.61083,2,D20,undetected,3.8439720731933082
241,-6.8967085,107.61083,7,D00,undetected,3.902912549085292
242,-6.8967085,107.61083,3,D00,undetected,4.160359625812992
243,-6.8967085,107.61083,11,D00,undetected,4.237569585467624
244,-6.8967085,107.61083,2,D00,undetected,4.15479604441367
245,-6.8967085,107.61083,3,D40,undetected,4.004040026042512
246,-6.896718,107.61086,0,nolabel,undetected,3.926618559557824
247,-6.896718,107.61086,2,D20,undetected,3.8921848291887136
248,-6.896718,107.61086,3,D40,undetected,3.710571620165504
249,-6.896718,107.61086,16,D00,undetected,4.0255528255528255
250,-6.896718,107.61086,10,D20,undetected,4.199713230641065
251,-6.896718,107.61086,18,D20,undetected,4.194794790990546
252,-6.896718,107.61086,4,D20,undetected,4.151912968590689
253,-6.896718,107.61086,15,D20,undetected,4.2299284574688025
254,-6.896718,107.61086,4,D00,undetected,4.169611560339669
255,-6.8967309,107.61087,3,D40,undetected,4.227157467840053
256,-6.8967309,107.61087,8,D20,undetected,4.217864993855678
257,-6.8967309,107.61087,38,D20,undetected,3.8277264642456577
258,-6.8967309,107.61087,3,D40,undetected,3.9248291550438448
259,-6.8967309,107.61087,2,D40,undetected,4.082766891296666
260,-6.8967309,107.61087,15,D20,undetected,4.163014780906705
261,-6.8967309,107.61087,4,D00,undetected,4.146646590732709
262,-6.8967309,107.61087,38,D00,undetected,3.69852748607421
263,-6.8967309,107.61087,9,D00,undetected,3.765645509115362
264,-6.8967309,107.61087,11,D20,undetected,3.920991301340089
265,-6.8967428,107.61089,8,D20,undetected,3.994590455582688
266,-6.8967428,107.61089,50,D00,detected,3.8572781765979323
267,-6.8967428,107.61089,51,D00,detected,3.6827934518813024
268,-6.8967428,107.61089,20,D00,undetected,3.7421444305955682
269,-6.8967428,107.61089,46,D00,detected,3.911761386793306
270,-6.8967428,107.61089,37,D00,undetected,3.8061767393574977
271,-6.8967428,107.61089,26,D00,undetected,3.847187647331838
272,-6.8967428,107.61089,44,D00,detected,3.7586400336944736
273,-6.8967428,107.61089,34,D00,undetected,3.841504104542886
274,-6.8967428,107.61089,28,D00,undetected,3.8231140352076536
275,-6.8967533,107.6109,42,D00,detected,3.695604364620633
276,-6.8967533,107.6109,25,D00,undetected,3.5320722430738423
277,-6.8967533,107.6109,8,D20,undetected,3.9925295420060958
278,-6.8967533,107.6109,5,D00,undetected,4.074695391478539
279,-6.8967533,107.6109,34,D00,undetected,3.5355229396155545
280,-6.8967533,107.6109,3,D20,undetected,3.994731222838225
281,-6.8967533,107.6109,13,D00,undetected,4.250930647150694
282,-6.8967533,107.6109,8,D20,undetected,4.217368789912029
283,-6.8967533,107.6109,7,D00,undetected,4.246368726961272
284,-6.8967681,107.61092,8,D00,undetected,3.683514700057699
285,-6.8967681,107.61092,14,D00,undetected,3.666128528961103
286,-6.8967681,107.61092,13,D00,undetected,4.227319364234673
287,-6.8967681,107.61092,28,D40,undetected,3.9071954629886667
288,-6.8967681,107.61092,16,D00,undetected,4.143308163128218
289,-6.8967681,107.61092,53,D40,detected,4.002492549548011
290,-6.8967681,107.61092,32,D00,undetected,3.875562257679414
291,-6.8967681,107.61092,50,D00,detected,3.8346660132786488
292,-6.8967681,107.61092,52,D20,detected,3.8799468280449685
293,-6.8967681,107.61092,7,D00,undetected,4.120279066294945
294,-6.8967805,107.61092,57,D00,detected,3.904463929147587
295,-6.8967805,107.61092,33,D00,undetected,3.8234451173933177
296,-6.8967805,107.61092,45,D00,detected,3.855193471830818
297,-6.8967805,107.61092,19,D00,undetected,4.109085672243345
298,-6.8967805,107.61092,65,D40,detected,3.919280265228393
299,-6.8967805,107.61092,64,D40,detected,3.5085360661236664
300,-6.8967805,107.61092,64,D40,detected,3.4995840686182484
301,-6.8967805,107.61092,22,D00,undetected,3.698002482789753
302,-6.8967805,107.61092,17,D00,undetected,4.0592683781330265
303,-6.8967805,107.61092,31,D00,undetected,3.9086737565652387
304,-6.8967919,107.61094,25,D00,undetected,3.8820440247788626
305,-6.8967919,107.61094,25,D40,undetected,3.7999835110426186
306,-6.8967919,107.61094,10,D40,undetected,4.183827695450591
307,-6.8967919,107.61094,33,D00,undetected,3.8872537162102674
308,-6.8967919,107.61094,22,D00,undetected,3.8310653681812616
309,-6.8967919,107.61094,12,D20,undetected,4.000450184938262
310,-6.8967919,107.61094,43,D00,detected,3.7281177836284027
311,-6.8967919,107.61094,11,D00,undetected,3.8069402188514294
312,-6.8967919,107.61094,30,D00,undetected,3.9074793833449473
313,-6.8968115,107.61096,9,D00,undetected,4.101495362927673
314,-6.8968115,107.61096,0,nolabel,undetected,4.25242616076534
315,-6.8968115,107.61096,47,D40,detected,3.7717136582970787
316,-6.8968115,107.61096,8,D00,undetected,4.140694429224826
317,-6.8968115,107.61096,16,D40,undetected,4.224287996197006
318,-6.8968115,107.61096,6,D00,undetected,4.128069130796372
319,-6.8968115,107.61096,12,D00,undetected,3.978260580893972
320,-6.8968115,107.61096,25,D00,undetected,3.713574370579715
321,-6.8968115,107.61096,4,D00,undetected,4.133378008159726
322,-6.8968115,107.61096,26,D20,undetected,4.024679843323296
323,-6.8968225,107.61098,15,D40,undetected,4.153783838653931
324,-6.8968225,107.61098,25,D00,undetected,3.814678627069886
325,-6.8968225,107.61098,7,D00,undetected,4.101242701852271
326,-6.8968225,107.61098,15,D00,undetected,3.8738584306191814
327,-6.8968225,107.61098,19,D00,undetected,3.940748368475546
328,-6.8968225,107.61098,16,D00,undetected,3.7844141079661826
329,-6.8968225,107.61098,30,D00,undetected,3.7599439903973293
330,-6.8968225,107.61098,6,D00,undetected,4.083343231039726
331,-6.8968225,107.61098,20,D00,undetected,3.903733500615208
332,-6.8968225,107.61098,5,D00,undetected,3.8289180119551443
333,-6.8968382,107.61098,0,nolabel,undetected,4.299570381654036
334,-6.8968382,107.61098,7,D00,undetected,4.034579049989948
335,-6.8968382,107.61098,5,D20,undetected,4.0831961495739435
336,-6.8968382,107.61098,5,D00,undetected,3.656817630965438
337,-6.8968382,107.61098,6,D00,undetected,3.6754193258363954
338,-6.8968382,107.61098,19,D00,undetected,4.307837045329664
339,-6.8968382,107.61098,7,D00,undetected,4.003573746706884
340,-6.8968382,107.61098,8,D00,undetected,3.919401124526814
341,-6.8968382,107.61098,3,D00,undetected,3.857065348333784
342,-6.896852,107.611,0,nolabel,undetected,4.02649189720038
343,-6.896852,107.611,0,nolabel,undetected,4.366528621905184
344,-6.896852,107.611,9,D00,undetected,4.002103003268052
345,-6.896852,107.611,2,D00,undetected,3.9781587031801147
346,-6.896852,107.611,3,D20,undetected,4.216024960596996
347,-6.896852,107.611,10,D00,undetected,4.033841806768554
348,-6.896852,107.611,15,D40,undetected,3.9667663172748
349,-6.896852,107.611,3,D00,undetected,4.081332710571384
350,-6.896852,107.611,3,D40,undetected,4.162552052940172
351,-6.896852,107.611,32,D40,undetected,3.8557640597866705
352,-6.8968744,107.61102,23,D40,undetected,3.7967500943687433
353,-6.8968744,107.61102,25,D40,undetected,3.6033941959832885
354,-6.8968744,107.61102,42,D00,detected,3.513732638903433
355,-6.8968744,107.61102,41,D00,detected,3.6396346050883506
356,-6.8968744,107.61102,4,D40,undetected,4.067259094911349
357,-6.8968744,107.61102,12,D00,undetected,4.198754679960758
358,-6.8968744,107.61102,15,D00,undetected,3.527803197502288
359,-6.8968744,107.61102,17,D00,undetected,3.754000979155796
360,-6.8968744,107.61102,5,D00,undetected,4.018433250364545
361,-6.8968744,107.61102,42,D20,detected,3.8790389854930387
362,-6.896893,107.61103,31,D20,undetected,3.6790849443879163
363,-6.896893,107.61103,40,D20,undetected,3.63756392811085
364,-6.896893,107.61103,31,D20,undetected,3.7505568645685696
365,-6.896893,107.61103,36,D20,undetected,3.7284293018724353
366,-6.896893,107.61103,14,D00,undetected,4.117156717428819
367,-6.896893,107.61103,24,D00,undetected,3.9657086559453427
368,-6.896893,107.61103,38,D00,undetected,3.7430127015828565
369,-6.896893,107.61103,12,D00,undetected,4.017117003221889
370,-6.896893,107.61103,56,D20,detected,3.779207216915637
371,-6.8969111,107.61104,33,D00,undetected,3.4914098729648444
372,-6.8969111,107.61104,6,D00,undetected,3.9330916510848506
373,-6.8969111,107.61104,0,nolabel,undetected,4.236384002294794
374,-6.8969111,107.61104,0,nolabel,undetected,3.858871587276031
375,-6.8969111,107.61104,5,D00,undetected,3.9089688209171523
376,-6.8969111,107.61104,5,D20,undetected,4.1072910393317565
377,-6.8969111,107.61104,15,D20,undetected,3.9922293280995835
378,-6.8969111,107.61104,13,D20,undetected,3.82455378880583
379,-6.8969111,107.61104,4,D40,undetected,4.135533927358311
380,-6.8969111,107.61104,46,D40,detected,3.616817586427828
381,-6.8969207,107.61105,47,D40,detected,3.111947036927394
382,-6.8969207,107.61105,33,D40,undetected,3.406757138726352
383,-6.8969207,107.61105,40,D40,undetected,3.662162492534759
384,-6.8969207,107.61105,50,D40,detected,3.7468947872446865
385,-6.8969207,107.61105,29,D40,undetected,3.7839702645158964
386,-6.8969207,107.61105,39,D40,undetected,3.719637357209179
387,-6.8969207,107.61105,54,D40,detected,3.7580944598556365
388,-6.8969207,107.61105,74,D40,detected,3.9543500826355897
389,-6.8969207,107.61105,14,D40,undetected,4.057175524449144
390,-6.8969207,107.61105,38,D40,undetected,3.8643716751214785
391,-6.8969345,107.61107,56,D40,detected,3.7647734657460963
392,-6.8969345,107.61107,56,D40,detected,3.8314888283747135
393,-6.8969345,107.61107,52,D40,detected,3.7861631813742216
394,-6.8969345,107.61107,50,D40,detected,3.7380156443420938
395,-6.8969345,107.61107,33,D40,undetected,3.464600282335371
396,-6.8969345,107.61107,26,D20,undetected,3.376792633747606
397,-6.8969345,107.61107,9,D40,undetected,3.7664266349857174
398,-6.8969345,107.61107,6,D40,undetected,4.12470374894038
399,-6.8969345,107.61107,9,D40,undetected,4.067898133402646
400,-6.8969545,107.61108,12,D40,undetected,3.4582158416690576
401,-6.8969545,107.61108,35,D40,undetected,3.5275925379247584
402,-6.8969545,107.61108,46,D40,detected,3.7345010297180274
403,-6.8969545,107.61108,44,D40,detected,3.480250553240074
404,-6.8969545,107.61108,20,D00,undetected,3.9418890749731683
405,-6.8969545,107.61108,32,D40,undetected,3.922938642353817
406,-6.8969545,107.61108,38,D40,undetected,3.9371971516058357
407,-6.8969545,107.61108,15,D40,undetected,4.002305405106243
408,-6.8969545,107.61108,11,D40,undetected,3.8809269135820745
409,-6.8969545,107.61108,0,nolabel,undetected,3.921273564267203
410,-6.8969655,107.61109,5,D40,undetected,3.946005546962906
411,-6.8969655,107.61109,2,D00,undetected,4.09819717797921
412,-6.8969655,107.61109,6,D00,undetected,4.182926440082975
413,-6.8969655,107.61109,37,D40,undetected,3.8879707820799227
414,-6.8969655,107.61109,10,D00,undetected,3.9918645719620867
415,-6.8969655,107.61109,47,D40,detected,3.5433603557634146
416,-6.8969655,107.61109,11,D00,undetected,3.920137428523896
417,-6.8969655,107.61109,34,D40,undetected,3.8656965952262015
418,-6.8969655,107.61109,30,D00,undetected,3.771805236440156
419,-6.8969655,107.61109,57,D00,detected,3.71938337554359
420,-6.8969779,107.6111,35,D00,undetected,3.5782325460768556
421,-6.8969779,107.6111,34,D00,undetected,3.7471424972349627
422,-6.8969779,107.6111,53,D00,detected,3.686091505818312
423,-6.8969779,107.6111,29,D00,undetected,3.6323031584198113
424,-6.8969779,107.6111,28,D00,undetected,3.780201794429248
425,-6.8969779,107.6111,53,D00,detected,3.648975550851844
426,-6.8969779,107.6111,39,D00,undetected,3.4017284783680672
427,-6.8969779,107.6111,30,D00,undetected,3.575496411549534
428,-6.8969779,107.6111,27,D00,undetected,3.6892948715129497
429,-6.8969989,107.61112,20,D20,undetected,4.030767693153381
430,-6.8969989,107.61112,2,D00,undetected,4.218828047439767
431,-6.8969989,107.61112,0,nolabel,undetected,4.172672863873679
432,-6.8969989,107.61112,5,D40,undetected,3.645322132211135
433,-6.8969989,107.61112,2,D00,undetected,3.593524242964263
434,-6.8969989,107.61112,0,nolabel,undetected,4.00244671663796
435,-6.8969989,107.61112,2,D00,undetected,4.113724367097298
436,-6.8969989,107.61112,4,D20,undetected,4.162320727529662
437,-6.8969989,107.61112,20,D20,undetected,3.85662557767034
438,-6.8969989,107.61112,8,D40,undetected,3.7859786325249223
439,-6.8970194,107.61114,34,D20,undetected,3.8389374034957977
440,-6.8970194,107.61114,18,D20,undetected,4.076560697377642
441,-6.8970194,107.61114,25,D40,undetected,3.9034537571043946
442,-6.8970194,107.61114,29,D40,undetected,3.775030263755946
443,-6.8970194,107.61114,55,D40,detected,3.778863323897371
444,-6.8970194,107.61114,0,nolabel,undetected,4.05871452390007
445,-6.8970194,107.61114,40,D20,undetected,3.8336460779268737
446,-6.8970194,107.61114,0,nolabel,undetected,4.261780775010745
447,-6.8970194,107.61114,10,D40,undetected,3.920309639019302
448,-6.8970194,107.61114,3,D40,undetected,3.864239945090127
449,-6.8970428,107.61115,24,D20,undetected,3.250128631914353
450,-6.8970428,107.61115,15,D20,undetected,3.818717826857279
451,-6.8970428,107.61115,22,D00,undetected,3.7161341538832295
452,-6.8970428,107.61115,53,D20,detected,3.8219260965599693
453,-6.8970428,107.61115,2,D20,undetected,4.1871732439655265
454,-6.8970428,107.61115,5,D00,undetected,3.937699851478549
455,-6.8970428,107.61115,5,D20,undetected,4.11770642508065
456,-6.8970428,107.61115,7,D00,undetected,4.129089165716671
457,-6.8970428,107.61115,0,nolabel,undetected,4.190792116206619
458,-6.8970685,107.61118,7,D20,undetected,4.09199991024399
459,-6.8970685,107.61118,6,D20,undetected,4.167846510352284
460,-6.8970685,107.61118,4,D20,undetected,4.083999263881816
461,-6.8970685,107.61118,7,D00,undetected,4.21724157693696
462,-6.8970685,107.61118,4,D20,undetected,4.097424495234671
463,-6.8970685,107.61118,0,nolabel,undetected,4.237304162642496
464,-6.8970685,107.61118,2,D20,undetected,4.088832564011327
465,-6.8970685,107.61118,7,D00,undetected,4.207422744116154
466,-6.8970685,107.61118,3,D20,undetected,4.3201989166295
467,-6.8970685,107.61118,5,D20,undetected,3.92934069804915
468,-6.8970947,107.61119,0,nolabel,undetected,3.8887241662888554
469,-6.8970947,107.61119,0,nolabel,undetected,4.1617755622058
470,-6.8970947,107.61119,3,D00,undetected,4.084373098065566
471,-6.8970947,107.61119,16,D40,undetected,4.172286842333008
472,-6.8970947,107.61119,12,D20,undetected,4.1661615785369825
473,-6.8970947,107.61119,13,D20,undetected,4.205199672351061
474,-6.8970947,107.61119,9,D40,undetected,4.215770704426942
475,-6.8970947,107.61119,41,D40,detected,3.8123104890019994
476,-6.8970947,107.61119,21,D40,undetected,3.9177500256867708
477,-6.8970947,107.61119,21,D40,undetected,3.8310303756585533
478,-6.8971128,107.61121,20,D40,undetected,4.135126208825498
479,-6.8971128,107.61121,16,D40,undetected,4.063063001973262
480,-6.8971128,107.61121,39,D40,undetected,3.860665304394249
481,-6.8971128,107.61121,46,D40,detected,3.7336333791472907
482,-6.8971128,107.61121,23,D40,undetected,3.665631904242526
483,-6.8971128,107.61121,26,D00,undetected,3.687841643564374
484,-6.8971128,107.61121,24,D40,undetected,3.571374198223298
485,-6.8971128,107.61121,53,D40,detected,3.495812663359471
486,-6.8971128,107.61121,19,D40,undetected,4.152397999390154
487,-6.8971357,107.61122,30,D40,undetected,3.743423600958904
488,-6.8971357,107.61122,13,D40,undetected,3.758821926843607
489,-6.8971357,107.61122,25,D40,undetected,3.746212080613641
490,-6.8971357,107.61122,25,D40,undetected,3.6992092344761773
491,-6.8971357,107.61122,32,D40,undetected,3.518315894018625
492,-6.8971357,107.61122,25,D40,undetected,3.68389646137942
493,-6.8971357,107.61122,25,D40,undetected,3.7857018429814797
494,-6.8971357,107.61122,29,D40,undetected,3.8513667504405245
495,-6.8971357,107.61122,35,D40,undetected,3.614009691806081
496,-6.8971357,107.61122,37,D40,undetected,3.6498868738904937
497,-6.8971596,107.61123,39,D40,undetected,3.797289760916643
498,-6.8971596,107.61123,22,D40,undetected,3.817529143639369
499,-6.8971596,107.61123,28,D40,undetected,3.84290140932821
500,-6.8971596,107.61123,47,D40,detected,3.847455854698895
501,-6.8971596,107.61123,23,D40,undetected,3.8163550900154135
502,-6.8971596,107.61123,32,D40,undetected,3.791108262914278
503,-6.8971596,107.61123,27,D40,undetected,3.724046326122549
504,-6.8971596,107.61123,27,D40,undetected,3.815195639676614
505,-6.8971596,107.61123,27,D40,undetected,3.566566837244028
506,-6.8971596,107.61123,30,D40,undetected,3.5602274849333675
507,-6.8971825,107.61124,29,D40,undetected,3.8684098151248105
508,-6.8971825,107.61124,22,D40,undetected,3.7767332634589272
509,-6.8971825,107.61124,24,D40,undetected,3.8775184940713583
510,-6.8971825,107.61124,22,D40,undetected,3.8948196338912036
511,-6.8971825,107.61124,22,D40,undetected,3.8592479520508935
512,-6.8971825,107.61124,25,D40,undetected,3.6543325184140962
513,-6.8971825,107.61124,29,D40,undetected,3.6507605199824176
514,-6.8971825,107.61124,26,D40,undetected,3.8901849048763837
515,-6.8971825,107.61124,25,D40,undetected,3.8751755436309074
516,-6.8972039,107.61126,23,D40,undetected,3.404890380055315
517,-6.8972039,107.61126,13,D40,undetected,3.776835288248716
518,-6.8972039,107.61126,24,D40,undetected,3.670128856462336
519,-6.8972039,107.61126,24,D40,undetected,3.6536894885205458
520,-6.8972039,107.61126,24,D40,undetected,3.8063528997515252
521,-6.8972039,107.61126,25,D40,undetected,3.5906632400604734
522,-6.8972039,107.61126,28,D40,undetected,3.8665162208603436
523,-6.8972039,107.61126,18,D40,undetected,4.225756304171952
524,-6.8972039,107.61126,20,D40,undetected,4.262395772465131
525,-6.8972039,107.61126,19,D40,undetected,4.0824609011520385
526,-6.8972268,107.61127,18,D40,undetected,3.8531959732702754
527,-6.8972268,107.61127,20,D40,undetected,4.136794285838277
528,-6.8972268,107.61127,15,D40,undetected,4.035134100280342
529,-6.8972268,107.61127,14,D40,undetected,4.283223724521057
530,-6.8972268,107.61127,22,D40,undetected,3.759647403978627
531,-6.8972268,107.61127,15,D40,undetected,4.242468747692554
